Year,State,Median_Income_All,Median_Income_White,Median_Income_Black,Median_Income_AIAN,Median_Income_Asian,Median_Income_NHPI,Median_Income_Other,Median_Income_Two_Races,Median_Income_White_Non_Hispanic,Median_Income_Hispanic,Gini_Index,Median_Family_Income,Median_Earnings_All,Median_Earnings_Male,Median_Earnings_Female,Total_Population_Education,High_School_Graduate,Some_College_No_Degree,Associates_Degree,Bachelors_Degree,Graduate_Degree
2019,Alabama,51734.0,59727.0,35774.0,40438.0,60822.0,,31686.0,49421.0,59966.0,42113.0,0.4741,66171.0,31962.0,40190.0,25958.0,3360058.0,862665.0,176576.0,213757.0,547975.0,38431.0
2020,Alabama,52823.5,61111.5,35916.0,44288.5,72783.5,,36204.0,51169.0,61255.5,43430.0,0.4782,68588.5,33443.5,41024.5,26864.5,3405633.0,882712.0,176551.0,214496.0,560125.5,41770.5
2021,Alabama,53913.0,62496.0,36058.0,48139.0,84745.0,58696.0,40722.0,52917.0,62545.0,44747.0,0.4823,71006.0,34925.0,41859.0,27771.0,3451208.0,902759.0,176526.0,215235.0,572276.0,45110.0
2022,Alabama,59674.0,68168.0,40774.0,62000.0,83281.0,107739.0,49889.0,62694.0,68212.0,54891.0,0.4851,77668.0,36953.0,44443.0,30824.0,3474924.0,874286.0,182869.0,228841.0,609316.0,42908.0
2019,Alaska,75463.0,82171.0,69292.0,48497.0,80274.0,66806.0,57927.0,71403.0,82994.0,68246.0,0.4376,91971.0,40334.0,46001.0,34950.0,484058.0,115044.0,24112.0,38804.0,89583.0,6690.0
2020,Alaska,76654.0,82111.0,65351.5,49694.5,80190.0,66659.5,61057.0,79621.0,83429.0,64731.0,0.4384,93657.5,41148.0,47639.5,36078.0,484918.5,112174.5,25140.0,36847.0,95502.5,6497.0
2021,Alaska,77845.0,82051.0,61411.0,50892.0,80106.0,66513.0,64187.0,87839.0,83864.0,61216.0,0.4392,95344.0,41962.0,49278.0,37206.0,485779.0,109305.0,26168.0,34890.0,101422.0,6304.0
2022,Alaska,88121.0,96000.0,73018.0,53969.0,93212.0,61423.0,83917.0,84416.0,96116.0,86081.0,0.4278,105329.0,47357.0,53127.0,41567.0,489218.0,116008.0,26447.0,33863.0,94168.0,6548.0
2019,Arizona,62055.0,63828.0,51643.0,41040.0,85768.0,60353.0,53522.0,62309.0,67821.0,53061.0,0.4591,74468.0,34397.0,38996.0,30308.0,4944540.0,967328.0,203357.0,384038.0,931038.0,67278.0
2020,Arizona,65555.5,68716.0,53204.0,41718.5,88528.5,75004.0,56305.5,61469.5,71419.0,56311.0,0.46099999999999997,78045.0,36710.0,41405.5,32343.0,4962418.5,967432.5,201938.5,382047.0,958355.5,71770.5
2021,Arizona,69056.0,73604.0,54765.0,42397.0,91289.0,89655.0,59089.0,60630.0,75017.0,59561.0,0.4629,81622.0,39023.0,43815.0,34378.0,4980297.0,967537.0,200520.0,380056.0,985673.0,76263.0
2022,Arizona,74568.0,79606.0,58894.0,48896.0,96288.0,78411.0,66037.0,66284.0,80637.0,65893.0,0.4665,88679.0,42346.0,47810.0,37718.0,5053656.0,996330.0,206616.0,375978.0,1032052.0,73242.0
2019,Arkansas,48952.0,52488.0,33625.0,41263.0,83584.0,56380.0,43207.0,32488.0,52788.0,45874.0,0.475,62387.0,30818.0,35650.0,26457.0,2036456.0,580998.0,129308.0,137073.0,307185.0,18260.0
2020,Arkansas,50740.0,54597.5,34958.5,44725.5,84482.0,52109.0,44794.5,43702.0,54817.5,48743.5,0.47505,64267.5,32343.5,36931.0,28062.0,2037109.5,576939.5,125744.5,137341.0,315661.0,20017.5
2021,Arkansas,52528.0,56707.0,36292.0,48188.0,85380.0,47838.0,46382.0,54916.0,56847.0,51613.0,0.4751,66148.0,33869.0,38212.0,29667.0,2037763.0,572881.0,122181.0,137609.0,324137.0,21775.0
2022,Arkansas,55432.0,60595.0,35703.0,62518.0,83200.0,37736.0,53528.0,55609.0,60593.0,54314.0,0.4799,70708.0,36761.0,42081.0,31520.0,2057624.0,583402.0,122268.0,146309.0,323961.0,23987.0
2019,California,80440.0,82706.0,55140.0,57620.0,104138.0,83875.0,61687.0,81145.0,92154.0,63633.0,0.4866,91377.0,39549.0,44242.0,32406.0,26937872.0,4926010.0,620701.0,1523559.0,5889724.0,465535.0
2020,California,82673.5,88343.5,57038.0,63304.0,106906.5,81431.5,63903.5,79249.0,94360.0,66857.0,0.4895,94382.5,40720.0,46411.0,34317.0,26923870.5,4917954.0,644900.0,1580284.5,5923877.0,488363.0
2021,California,84907.0,93981.0,58936.0,68988.0,109675.0,78988.0,66120.0,77353.0,96566.0,70081.0,0.4924,97388.0,41891.0,48580.0,36228.0,26909869.0,4909898.0,669099.0,1637010.0,5958030.0,511191.0
2022,California,91551.0,100917.0,63268.0,76752.0,119861.0,95670.0,71383.0,83153.0,103065.0,75698.0,0.4953,104823.0,45575.0,51521.0,39836.0,26866773.0,4846859.0,659996.0,1610206.0,6056169.0,517699.0
2019,Colorado,77127.0,80121.0,53392.0,49286.0,83388.0,70589.0,53119.0,69433.0,84196.0,59002.0,0.4548,95164.0,40646.0,48082.0,32371.0,3974943.0,678101.0,158489.0,246503.0,1057825.0,73582.0
2020,Colorado,79690.5,83586.5,56023.5,52151.0,88927.5,67046.5,57137.5,69586.0,86455.5,61274.5,0.4576,98618.5,42732.0,49680.5,35262.0,4009562.5,668537.0,156944.5,243166.0,1082567.0,78041.0
2021,Colorado,82254.0,87052.0,58655.0,55016.0,94467.0,63504.0,61156.0,69739.0,88715.0,63547.0,0.4604,102073.0,44818.0,51279.0,38153.0,4044182.0,658973.0,155400.0,239829.0,1107309.0,82500.0
2022,Colorado,89302.0,93728.0,60810.0,64555.0,105863.0,100260.0,69579.0,79392.0,95026.0,72989.0,0.4566,109592.0,49195.0,56047.0,41135.0,4084004.0,670780.0,152329.0,244723.0,1177891.0,83022.0
2019,Connecticut,78833.0,85849.0,48927.0,39339.0,105110.0,,46488.0,58845.0,89685.0,49238.0,0.5024,101272.0,42196.0,50790.0,36085.0,2496420.0,587402.0,80959.0,132388.0,549166.0,42555.0
2020,Connecticut,81302.0,89583.5,53746.0,61421.5,108640.0,,49011.5,62566.0,92116.5,51996.0,0.50045,103924.0,43853.5,51363.5,37289.0,2515398.0,578075.0,79493.5,135619.0,568428.0,45620.5
2021,Connecticut,83771.0,93318.0,58565.0,83504.0,112170.0,18148.0,51535.0,66287.0,94548.0,54754.0,0.4985,106576.0,45511.0,51937.0,38493.0,2534376.0,568748.0,78028.0,138850.0,587690.0,48686.0
2022,Connecticut,88429.0,96890.0,61803.0,41848.0,110568.0,18148.0,59588.0,77277.0,98533.0,60275.0,0.5008,115183.0,50183.0,56751.0,41904.0,2545188.0,568906.0,91141.0,143069.0,584999.0,49857.0
2019,Delaware,70176.0,75469.0,51074.0,39248.0,98858.0,,68210.0,66754.0,77441.0,54087.0,0.4509,87148.0,37430.0,42673.0,32229.0,687311.0,183375.0,24267.0,42800.0,134287.0,11620.0
2020,Delaware,70633.5,76058.5,53339.0,49623.666666666664,105359.0,,62555.0,61568.0,77048.0,55279.5,0.4528,87140.0,39402.0,44655.5,33791.0,699207.5,180997.5,23506.5,42281.5,140291.0,11776.0
2021,Delaware,71091.0,76648.0,55604.0,59999.33333333333,111860.0,,56900.0,56382.0,76655.0,56472.0,0.4547,87132.0,41374.0,46638.0,35353.0,711104.0,178620.0,22746.0,41763.0,146295.0,11932.0
2022,Delaware,82174.0,89351.0,61228.0,70375.0,106917.0,,76255.0,62559.0,89282.0,71733.0,0.4407,100128.0,43181.0,50536.0,40305.0,724041.0,180292.0,24093.0,48071.0,151894.0,14956.0
2019,District of Columbia,92266.0,149734.0,48652.0,,103171.0,,68297.0,101321.0,153327.0,99799.0,0.5115,130291.0,61960.0,69852.0,56071.0,505145.0,67492.0,12389.0,16367.0,129825.0,19752.0
2020,District of Columbia,91177.0,147999.5,50732.0,,106600.0,,64147.0,103690.0,149651.0,94705.5,0.5209999999999999,133237.5,67208.5,73654.0,61466.0,491959.5,63634.0,11769.0,15492.5,125298.0,21677.0
2021,District of Columbia,90088.0,146265.0,52812.0,,110029.0,,59997.0,106059.0,145975.0,89612.0,0.5305,136184.0,72457.0,77456.0,66861.0,478774.0,59776.0,11149.0,14618.0,120771.0,23602.0
2022,District of Columbia,101027.0,149358.0,60891.0,39075.0,119607.0,,73921.0,125240.0,151084.0,117945.0,0.5111,146477.0,74436.0,80852.0,70426.0,479231.0,53376.0,11167.0,15868.0,126678.0,24411.0
2019,Florida,59227.0,62132.0,44039.0,48051.0,76412.0,51395.0,46553.0,57352.0,65149.0,52497.0,0.4808,71348.0,31876.0,36280.0,28958.0,15484502.0,3739283.0,656839.0,986530.0,2982643.0,182118.0
2020,Florida,61144.5,65273.5,45533.5,52218.5,78718.0,59135.0,50153.0,58598.5,66994.0,55311.5,0.48385,73773.5,33936.5,38537.0,30256.0,15623312.0,3713073.5,666720.5,1005248.0,3115432.0,203972.0
2021,Florida,63062.0,68415.0,47028.0,56386.0,81024.0,66875.0,53753.0,59845.0,68839.0,58126.0,0.4869,76199.0,35997.0,40794.0,31554.0,15762122.0,3686864.0,676602.0,1023966.0,3248221.0,225826.0
2022,Florida,69303.0,74559.0,52796.0,70243.0,89645.0,62931.0,61316.0,66563.0,75199.0,64482.0,0.4902,83410.0,39920.0,44641.0,34181.0,16104410.0,3716877.0,646732.0,1065936.0,3445343.0,232162.0
2019,Georgia,61980.0,70832.0,47096.0,35588.0,82158.0,62271.0,48103.0,57721.0,71790.0,52661.0,0.4795,74833.0,35019.0,40395.0,30412.0,7080222.0,1611419.0,328526.0,405768.0,1410395.0,97822.0
2020,Georgia,64269.5,73820.5,49343.0,46170.0,86147.5,73040.5,50978.5,61439.0,74418.5,56147.0,0.47909999999999997,77782.0,36265.5,41386.5,31365.5,7157246.5,1598501.0,336659.5,412410.5,1462204.5,108029.0
2021,Georgia,66559.0,76809.0,51590.0,56752.0,90137.0,83810.0,53854.0,65157.0,77047.0,59633.0,0.4787,80731.0,37512.0,42378.0,32319.0,7234271.0,1585583.0,344793.0,419053.0,1514014.0,118236.0
2022,Georgia,72837.0,82397.0,57293.0,56084.0,102973.0,72597.0,61497.0,72520.0,82642.0,67547.0,0.4736,86642.0,41046.0,46944.0,35671.0,7332980.0,1620608.0,359235.0,448261.0,1519625.0,118108.0
2019,Hawaii,83102.0,84757.0,70048.0,83239.0,90310.0,63236.0,71686.0,80705.0,86471.0,73388.0,0.4397,96462.0,40240.0,44411.0,36077.0,996668.0,245865.0,27556.0,60763.0,219979.0,15050.0
2020,Hawaii,83979.5,82923.5,67362.0,77161.0,90414.5,70603.0,68422.5,83119.5,84012.5,74598.5,0.44745,98676.0,40417.5,45304.0,35872.5,1009177.5,244392.0,26866.0,62842.0,223414.0,15330.0
2021,Hawaii,84857.0,81090.0,64676.0,71083.0,90519.0,77970.0,65159.0,85534.0,81554.0,75809.0,0.4552,100890.0,40595.0,46197.0,35668.0,1021687.0,242919.0,26176.0,64921.0,226849.0,15610.0
2022,Hawaii,92458.0,93098.0,76108.0,58556.0,97742.0,68338.0,80482.0,95885.0,93988.0,78846.0,0.4574,108285.0,45043.0,51447.0,39087.0,1023843.0,244287.0,29623.0,64597.0,226124.0,16917.0
2019,Idaho,60999.0,61761.0,53553.0,37910.0,55681.0,,52920.0,58183.0,62575.0,52827.0,0.4337,72365.0,31111.0,37742.0,24562.0,1170997.0,252180.0,53094.0,99106.0,220189.0,15100.0
2020,Idaho,63736.5,65440.5,55973.0,50145.0,67051.5,,54423.0,58416.0,65983.0,56245.0,0.4457,76179.0,33026.0,39711.5,25895.0,1214281.5,264415.5,57362.5,96023.0,236975.5,14816.0
2021,Idaho,66474.0,69120.0,58393.0,62380.0,78422.0,,55926.0,58649.0,69391.0,59663.0,0.4577,79993.0,34941.0,41681.0,27228.0,1257566.0,276651.0,61631.0,92940.0,253762.0,14532.0
2022,Idaho,72785.0,74133.0,55313.0,52777.0,86111.0,,57915.0,66900.0,74179.0,61854.0,0.4434,85193.0,37395.0,44693.0,29788.0,1280178.0,275314.0,57791.0,102880.0,274409.0,16713.0
2019,Illinois,69187.0,74728.0,39815.0,57688.0,95665.0,,57929.0,70386.0,76426.0,60252.0,0.48,87771.0,39055.0,46333.0,31736.0,8694694.0,1935552.0,320059.0,564910.0,1886240.0,123718.0
2020,Illinois,70696.0,77016.0,40966.5,60807.0,96748.0,,59912.0,68848.5,78060.0,62663.5,0.48119999999999996,89316.0,40279.5,47825.5,33591.0,8712695.5,1905808.0,319494.0,576987.5,1909261.0,129405.5
2021,Illinois,72205.0,79304.0,42118.0,63926.0,97831.0,81512.0,61895.0,67311.0,79694.0,65075.0,0.4824,90861.0,41504.0,49318.0,35446.0,8730697.0,1876064.0,318929.0,589065.0,1932282.0,135093.0
2022,Illinois,76708.0,83346.0,45019.0,66282.0,104287.0,63724.0,71711.0,71185.0,83745.0,72139.0,0.4837,96948.0,44765.0,52013.0,38404.0,8692839.0,1860087.0,327023.0,572448.0,1952990.0,140791.0
2019,Indiana,57603.0,61054.0,36323.0,53077.0,64046.0,32407.0,49100.0,48946.0,61559.0,48310.0,0.4584,73876.0,33756.0,41268.0,27480.0,4502015.0,1286464.0,240361.0,308841.0,777771.0,50812.0
2020,Indiana,60173.0,63311.5,39549.0,49970.5,72497.0,39473.666666666664,52678.5,54431.5,63600.5,52981.5,0.4532,76559.5,35877.0,43209.0,29478.5,4530823.0,1277744.0,244666.5,311588.0,810420.0,53266.5
2021,Indiana,62743.0,65569.0,42775.0,46864.0,80948.0,46540.333333333336,56257.0,59917.0,65642.0,57653.0,0.448,79243.0,37998.0,45150.0,31477.0,4559631.0,1269024.0,248972.0,314335.0,843069.0,55721.0
2022,Indiana,66785.0,70619.0,43638.0,55059.0,83010.0,53607.0,56644.0,59942.0,70748.0,59737.0,0.4561,84508.0,40900.0,48618.0,33627.0,4584460.0,1230358.0,242532.0,331007.0,869217.0,57273.0
2019,Iowa,61691.0,63379.0,35548.0,26255.0,58431.0,63200.0,49012.0,46416.0,64403.0,48346.0,0.4422,78152.0,35837.0,42262.0,30059.0,2123004.0,575335.0,83487.0,149482.0,420199.0,27567.0
2020,Iowa,63645.5,65384.0,38492.0,34598.0,71463.0,62904.0,51488.0,48520.0,66027.5,50214.0,0.44555,81530.0,37452.5,43723.0,31126.0,2130132.5,568969.0,83778.0,155279.5,431038.5,29262.5
2021,Iowa,65600.0,67389.0,41436.0,42941.0,84495.0,62608.0,53964.0,50624.0,67652.0,52082.0,0.4489,84908.0,39068.0,45184.0,32193.0,2137261.0,562603.0,84069.0,161077.0,441878.0,30958.0
2022,Iowa,69588.0,71725.0,38071.0,38997.0,84547.0,49950.0,63939.0,61568.0,71772.0,64447.0,0.4514,90851.0,41625.0,48975.0,35022.0,2159511.0,552775.0,85069.0,154829.0,463740.0,27957.0
2019,Kansas,62087.0,65008.0,40818.0,43397.0,71527.0,66650.0,44441.0,45847.0,66394.0,50216.0,0.45,79006.0,35266.0,41524.0,27519.0,1918081.0,424095.0,79940.0,148250.0,414851.0,23408.0
2020,Kansas,63105.5,65837.0,43172.5,45676.0,79736.0,63633.5,47688.5,51178.5,66681.5,52159.0,0.45494999999999997,80821.5,36668.5,43044.5,29639.5,1930107.0,418856.0,79984.0,156666.0,421157.5,25704.0
2021,Kansas,64124.0,66666.0,45527.0,47955.0,87945.0,60617.0,50936.0,56510.0,66969.0,54102.0,0.4599,82637.0,38071.0,44565.0,31760.0,1942133.0,413617.0,80028.0,165082.0,427464.0,28000.0
2022,Kansas,68925.0,70867.0,47907.0,69211.0,89857.0,78577.0,57858.0,63534.0,71493.0,59276.0,0.4632,89712.0,40394.0,47126.0,33272.0,1944891.0,409444.0,82484.0,158286.0,426910.0,30398.0
2019,Kentucky,52295.0,54089.0,39690.0,31234.0,62314.0,65255.0,37607.0,36215.0,54148.0,49434.0,0.4764,66183.0,32189.0,38545.0,27281.0,3048442.0,814916.0,197727.0,202203.0,453040.0,33342.0
2020,Kentucky,53934.0,56064.5,39468.5,27572.0,66659.5,66206.66666666667,44734.5,39201.5,56114.5,48641.0,0.47605,68121.5,33558.5,39688.5,28783.0,3063154.5,809903.0,200395.5,202956.5,470793.0,34677.5
2021,Kentucky,55573.0,58040.0,39247.0,23910.0,71005.0,67158.33333333333,51862.0,42188.0,58081.0,47848.0,0.4757,70060.0,34928.0,40832.0,30285.0,3077867.0,804890.0,203064.0,203710.0,488546.0,36013.0
2022,Kentucky,59341.0,60987.0,43977.0,43531.0,84447.0,68110.0,54740.0,56359.0,61005.0,57971.0,0.4845,76119.0,37851.0,43482.0,32167.0,3091499.0,806014.0,196657.0,226878.0,508620.0,37210.0
2019,Louisiana,51073.0,61456.0,32700.0,42736.0,62867.0,,34133.0,47644.0,61967.0,42933.0,0.4978,65105.0,32102.0,41101.0,26538.0,3140201.0,893425.0,172601.0,178661.0,503947.0,30516.0
2020,Louisiana,51580.0,63026.5,33138.0,52643.0,61609.5,,41513.5,48549.5,63347.5,48591.0,0.4983,66075.0,33499.0,41898.5,26974.0,3128693.5,872077.0,172657.0,178544.0,513711.0,33856.0
2021,Louisiana,52087.0,64597.0,33576.0,62550.0,60352.0,,48894.0,49455.0,64728.0,54249.0,0.4988,67045.0,34896.0,42696.0,27410.0,3117186.0,850729.0,172713.0,178427.0,523475.0,37196.0
2022,Louisiana,55416.0,67422.0,36166.0,49691.0,66807.0,,50095.0,61563.0,67499.0,57039.0,0.4915,72866.0,37554.0,46317.0,30686.0,3096121.0,840937.0,165247.0,199127.0,525044.0,35332.0
2019,Maine,58924.0,59327.0,45260.0,31859.0,83670.0,,53262.0,41204.0,59384.0,60941.0,0.449,76316.0,35231.0,40678.0,30423.0,991152.0,264179.0,46929.0,61146.0,205722.0,14895.0
2020,Maine,61845.5,62203.5,39606.0,43572.0,76862.5,,59400.5,53903.5,62224.0,63485.5,0.45765,79579.0,37478.0,42938.5,32604.0,1003115.0,258318.0,47533.5,60901.0,215354.5,16975.0
2021,Maine,64767.0,65080.0,33952.0,55285.0,70055.0,114468.0,65539.0,66603.0,65064.0,66030.0,0.4663,82842.0,39725.0,45199.0,34785.0,1015078.0,252457.0,48138.0,60656.0,224987.0,19055.0
2022,Maine,69543.0,70228.0,54996.0,61365.0,81581.0,103629.0,64833.0,59540.0,70260.0,58750.0,0.4601,88063.0,41192.0,46286.0,36498.0,1030141.0,261555.0,49223.0,58519.0,229764.0,17210.0
2019,Maryland,86738.0,96724.0,68377.0,57692.0,108105.0,67950.0,69924.0,85680.0,97500.0,74631.0,0.4558,105679.0,45891.0,51361.0,40552.0,4183858.0,903664.0,126972.0,244221.0,911781.0,114226.0
2020,Maryland,88470.5,98852.0,70083.5,59203.0,110611.0,107081.5,71042.0,87896.5,99339.0,77831.5,0.45945,108328.5,48219.5,53469.5,42229.0,4228559.0,895894.0,128947.5,251004.0,934157.0,115102.0
2021,Maryland,90203.0,100980.0,71790.0,60714.0,113117.0,146213.0,72160.0,90113.0,101178.0,81032.0,0.4631,110978.0,50548.0,55578.0,43906.0,4273260.0,888124.0,130923.0,257787.0,956533.0,115978.0
2022,Maryland,94991.0,107160.0,77368.0,71440.0,117771.0,146213.0,72980.0,99027.0,107314.0,82138.0,0.4589,117294.0,52436.0,59729.0,46337.0,4286216.0,882566.0,127022.0,261327.0,996167.0,129354.0
2019,Massachusetts,85843.0,90758.0,59035.0,27885.0,104420.0,90444.0,49742.0,69083.0,93275.0,51175.0,0.4803,108348.0,45737.0,52201.0,38781.0,4850576.0,1015844.0,142222.0,229385.0,1197208.0,142164.0
2020,Massachusetts,87744.0,93813.5,62913.5,44080.0,109169.5,67202.5,53444.5,65821.0,95470.0,52700.5,0.4848,111085.0,48210.0,54923.0,40710.0,4892665.5,999138.0,141962.0,235986.5,1223978.0,149218.5
2021,Massachusetts,89645.0,96869.0,66792.0,60275.0,113919.0,43961.0,57147.0,62559.0,97665.0,54226.0,0.4893,113822.0,50683.0,57645.0,42639.0,4934755.0,982432.0,141702.0,242588.0,1250748.0,156273.0
2022,Massachusetts,94488.0,101391.0,63189.0,87730.0,117855.0,43961.0,61039.0,71552.0,102027.0,61523.0,0.4976,120263.0,52528.0,61410.0,44843.0,4947384.0,1000319.0,136031.0,257805.0,1252187.0,167856.0
2019,Michigan,59584.0,63326.0,36833.0,44722.0,90409.0,,44259.0,43816.0,63704.0,49761.0,0.4634,75703.0,33328.0,41137.0,27339.0,6894627.0,1732283.0,273698.0,515815.0,1252685.0,85443.0
2020,Michigan,61541.0,65536.0,38160.5,46739.5,94923.5,,49096.0,51549.0,65785.5,53689.0,0.46465,78113.0,35293.0,42788.0,29203.0,6933261.0,1727022.0,277601.0,523087.0,1295423.5,87457.5
2021,Michigan,63498.0,67746.0,39488.0,48757.0,99438.0,,53933.0,59282.0,67867.0,57617.0,0.4659,80523.0,37258.0,44439.0,31067.0,6971895.0,1721761.0,281504.0,530359.0,1338162.0,89472.0
2022,Michigan,66986.0,71609.0,42056.0,54651.0,101652.0,68518.0,61183.0,63251.0,71829.0,62497.0,0.4685,85865.0,40610.0,48049.0,32767.0,6978952.0,1681221.0,281124.0,539210.0,1361139.0,94849.0
2019,Minnesota,74593.0,77311.0,41570.0,40051.0,86270.0,,58115.0,58613.0,77843.0,57591.0,0.4434,93584.0,40977.0,47704.0,34418.0,3847212.0,824041.0,115956.0,251001.0,942830.0,54838.0
2020,Minnesota,76156.5,79086.5,44654.5,44202.5,89479.0,,61389.5,63970.5,79383.0,60846.5,0.44635,96575.5,42415.0,49280.5,36079.5,3872977.0,806058.5,118699.0,257213.5,968356.5,58161.5
2021,Minnesota,77720.0,80862.0,47739.0,48354.0,92688.0,,64664.0,69328.0,80923.0,64102.0,0.4493,99567.0,43853.0,50857.0,37741.0,3898742.0,788076.0,121442.0,263426.0,993883.0,61485.0
2022,Minnesota,82338.0,85697.0,51320.0,45227.0,93773.0,54396.0,65473.0,74586.0,85844.0,63399.0,0.456,105324.0,47393.0,54101.0,40545.0,3918565.0,797540.0,119592.0,266686.0,995083.0,65650.0
2019,Mississippi,45792.0,57191.0,31067.0,27964.0,51277.0,,42465.0,42445.0,57553.0,37372.0,0.4896,58503.0,29341.0,34908.0,24972.0,1979664.0,470174.0,128435.0,110712.0,270712.0,19844.0
2020,Mississippi,47254.0,59265.5,32222.0,35114.0,53831.5,,37897.0,44977.0,59435.5,40156.5,0.48519999999999996,61269.0,30791.5,36941.0,26226.5,1973915.5,469374.5,123023.5,117839.5,287184.0,21430.0
2021,Mississippi,48716.0,61340.0,33377.0,42264.0,56386.0,,33329.0,47509.0,61318.0,42941.0,0.4808,64035.0,32242.0,38974.0,27481.0,1968167.0,468575.0,117612.0,124967.0,303656.0,23016.0
2022,Mississippi,52719.0,64236.0,36215.0,49994.0,55873.0,,49635.0,48513.0,64313.0,52648.0,0.4806,66973.0,35467.0,41310.0,30531.0,1963322.0,481433.0,122730.0,128315.0,297480.0,24020.0
2019,Missouri,57409.0,60756.0,39102.0,31186.0,75505.0,48300.0,47432.0,49751.0,60954.0,50839.0,0.4633,73457.0,34558.0,40522.0,29965.0,4206162.0,1108345.0,200514.0,297889.0,775808.0,55940.0
2020,Missouri,59628.0,63212.0,40117.0,42521.0,79468.0,65780.5,53922.0,50277.5,63387.0,52008.5,0.46695,76270.5,35820.5,41636.5,30711.5,4216398.0,1109719.0,196657.5,300108.5,799511.5,55233.5
2021,Missouri,61847.0,65668.0,41132.0,53856.0,83431.0,83261.0,60412.0,50804.0,65820.0,53178.0,0.4706,79084.0,37083.0,42751.0,31458.0,4226634.0,1111093.0,192801.0,302328.0,823215.0,54527.0
2022,Missouri,64811.0,68771.0,44631.0,65788.0,82869.0,46136.0,58488.0,58716.0,68931.0,56460.0,0.4687,83420.0,40267.0,46270.0,34222.0,4236010.0,1084843.0,191135.0,319714.0,835865.0,60726.0
2019,Montana,57153.0,58934.0,41530.0,32100.0,48209.0,,60331.0,46687.0,59306.0,46458.0,0.4597,73014.0,31313.0,37976.0,25500.0,741950.0,175333.0,35746.0,50303.0,171309.0,10567.0
2020,Montana,60201.0,61771.0,43011.0,34300.5,53706.5,,61928.0,55589.0,62069.5,51855.5,0.4645,76486.0,33292.5,39674.0,27850.5,754354.0,173289.5,35013.5,54673.5,171343.0,11852.5
2021,Montana,63249.0,64608.0,44492.0,36501.0,59204.0,,63525.0,64491.0,64833.0,57253.0,0.4693,79958.0,35272.0,41372.0,30201.0,766758.0,171246.0,34281.0,59044.0,171377.0,13138.0
2022,Montana,67631.0,69744.0,44492.0,40063.0,56041.0,78053.0,56890.0,61907.0,69772.0,60797.0,0.4652,83580.0,37573.0,43975.0,32050.0,785438.0,179439.0,38153.0,57267.0,179708.0,12004.0
2019,National,65712.0,69823.0,43862.0,45476.0,93759.0,66464.0,53097.0,62085.0,71664.0,55658.0,0.4811,80944.0,36519.0,42101.0,30944.0,224898568.0,51584272.0,8898081.0,13906208.0,45730479.0,3323850.0
2020,National,67714.5,72377.5,45318.0,49312.5,97165.5,68218.5,55384.0,62969.5,73538.0,58112.0,0.48295,83375.0,38389.5,44147.5,32363.0,226546016.0,51255998.0,8983350.5,14227562.0,47106269.5,3514254.0
2021,National,69717.0,74932.0,46774.0,53149.0,100572.0,69973.0,57671.0,63854.0,75412.0,60566.0,0.4848,85806.0,40260.0,46194.0,33782.0,228193464.0,50927724.0,9068620.0,14548916.0,48482060.0,3704658.0
2022,National,74755.0,79933.0,51374.0,58082.0,106954.0,72411.0,63290.0,69704.0,80404.0,65882.0,0.4863,92148.0,42542.0,50232.0,36608.0,229707137.0,50800686.0,9107976.0,14888891.0,49641033.0,3843037.0
2019,Nebraska,63229.0,65462.0,39137.0,50588.0,52444.0,133203.0,59894.0,51338.0,66790.0,51006.0,0.44,80062.0,36077.0,41536.0,30661.0,1271770.0,282195.0,44194.0,94746.0,277159.0,16959.0
2020,Nebraska,65023.0,67239.5,41138.0,51943.0,60391.5,120166.66666666667,60624.0,56323.5,68054.5,54321.0,0.448,84273.0,37487.5,43284.0,31439.5,1282153.0,280858.0,44936.5,97505.0,281834.5,18863.5
2021,Nebraska,66817.0,69017.0,43139.0,53298.0,68339.0,107130.33333333333,61354.0,61309.0,69319.0,57636.0,0.456,88484.0,38898.0,45032.0,32218.0,1292536.0,279521.0,45679.0,100264.0,286510.0,20768.0
2022,Nebraska,69597.0,72200.0,46607.0,49784.0,83473.0,94094.0,57854.0,63362.0,72577.0,60800.0,0.461,92676.0,41403.0,48642.0,34864.0,1300094.0,279300.0,46731.0,99577.0,293346.0,19384.0
2019,Nevada,63276.0,67415.0,43976.0,58939.0,70060.0,71618.0,54525.0,63158.0,70293.0,54922.0,0.471,76124.0,35526.0,39335.0,31354.0,2136466.0,501540.0,91877.0,157547.0,355837.0,24233.0
2020,Nevada,64775.0,70111.5,42902.0,55420.5,71527.0,64473.0,55955.5,65311.5,71617.0,58661.5,0.4718,77325.0,36289.0,40263.5,31850.0,2164646.0,505049.5,90351.5,163682.5,374522.5,23590.5
2021,Nevada,66274.0,72808.0,41828.0,51902.0,72994.0,57328.0,57386.0,67465.0,72941.0,62401.0,0.4726,78526.0,37052.0,41192.0,32346.0,2192826.0,508559.0,88826.0,169818.0,393208.0,22948.0
2022,Nevada,72333.0,78201.0,49549.0,64492.0,78161.0,58146.0,62021.0,74091.0,78344.0,68581.0,0.4685,85593.0,40360.0,43913.0,35841.0,2223852.0,534187.0,85974.0,176422.0,390872.0,23178.0
2019,New Hampshire,77933.0,77519.0,80814.0,,110531.0,,55638.0,80420.0,78076.0,62535.0,0.4406,97112.0,40984.0,48693.0,33514.0,979750.0,232289.0,42816.0,58054.0,224636.0,13391.0
2020,New Hampshire,83199.0,82948.5,81634.5,,108462.0,,64742.0,80250.5,83191.0,67631.0,0.4377,102660.0,43330.5,51122.0,36025.5,994034.0,229694.0,41810.5,61424.0,235996.0,14942.0
2021,New Hampshire,88465.0,88378.0,82455.0,64908.0,106393.0,,73846.0,80081.0,88306.0,72727.0,0.4348,108208.0,45677.0,53551.0,38537.0,1008318.0,227099.0,40805.0,64794.0,247356.0,16493.0
2022,New Hampshire,89992.0,90839.0,70067.0,71170.0,126236.0,,80088.0,81037.0,90938.0,73813.0,0.4466,112950.0,49617.0,57863.0,41552.0,1024780.0,234569.0,43233.0,61313.0,252073.0,20137.0
2019,New Jersey,85751.0,91764.0,56301.0,72816.0,126278.0,,57506.0,77358.0,98092.0,61624.0,0.4782,105705.0,45513.0,52345.0,37256.0,6191229.0,1518321.0,148000.0,300667.0,1555781.0,108075.0
2020,New Jersey,87523.5,95639.0,58665.0,67825.0,132278.0,,58644.0,75396.5,99338.0,62616.0,0.48175,107903.5,47767.0,54589.0,39035.0,6332828.0,1498875.0,158996.5,323728.5,1610067.0,111212.0
2021,New Jersey,89296.0,99514.0,61029.0,62834.0,138278.0,64208.0,59782.0,73435.0,100584.0,63608.0,0.4853,110102.0,50021.0,56833.0,40814.0,6474427.0,1479429.0,169993.0,346790.0,1664353.0,114349.0
2022,New Jersey,96346.0,105428.0,65850.0,74433.0,144878.0,127577.0,67237.0,84272.0,106209.0,72170.0,0.4815,117988.0,51884.0,60351.0,43165.0,6482223.0,1458634.0,176444.0,357416.0,1679895.0,119490.0
2019,New Mexico,51945.0,54315.0,45764.0,39019.0,56697.0,68684.0,41304.0,52252.0,61429.0,45049.0,0.4768,61826.0,30276.0,35175.0,25617.0,1425988.0,309449.0,66941.0,88210.0,221281.0,27784.0
2020,New Mexico,52968.5,58396.0,44029.5,40469.5,65986.5,35591.5,44912.5,50326.5,62984.0,46867.0,0.48145,64806.0,32204.5,37075.0,27976.5,1438268.5,308665.0,65778.5,92912.0,226513.0,30178.0
2021,New Mexico,53992.0,62477.0,42295.0,41920.0,75276.0,2499.0,48521.0,48401.0,64539.0,48685.0,0.4861,67786.0,34133.0,38975.0,30336.0,1450549.0,307881.0,64616.0,97614.0,231745.0,32572.0
2022,New Mexico,59726.0,66903.0,55583.0,43317.0,77107.0,80450.0,46171.0,56942.0,71634.0,52568.0,0.4796,74341.0,36381.0,40673.0,32347.0,1453129.0,306601.0,67506.0,95454.0,246178.0,30240.0
2019,New York,72108.0,80589.0,51146.0,44104.0,81383.0,44106.0,48234.0,68888.0,81997.0,53350.0,0.5149,89475.0,41492.0,47239.0,36555.0,13664734.0,2981084.0,543108.0,640783.0,2898440.0,212631.0
2020,New York,73211.0,81695.5,52794.5,48684.5,81397.0,40701.5,49732.0,68328.0,82694.5,54297.5,0.5144500000000001,90964.5,42477.0,48663.5,38103.0,13825914.0,2921426.0,545383.0,667426.5,3002139.5,228038.5
2021,New York,74314.0,82802.0,54443.0,53265.0,81411.0,37297.0,51230.0,67768.0,83392.0,55245.0,0.514,92454.0,43462.0,50088.0,39651.0,13987094.0,2861768.0,547658.0,694070.0,3105839.0,243446.0
2022,New York,79557.0,89408.0,57898.0,63208.0,89947.0,45507.0,56210.0,73557.0,90104.0,60468.0,0.5208,99066.0,47414.0,52991.0,41436.0,13892241.0,2843637.0,570242.0,704512.0,3097409.0,254705.0
2019,North Carolina,57341.0,63887.0,41177.0,39887.0,91170.0,41579.0,45323.0,47423.0,65244.0,46933.0,0.4743,72049.0,33205.0,38228.0,29690.0,7187077.0,1537065.0,301977.0,435870.0,1471420.0,102558.0
2020,North Carolina,59656.5,66704.5,42069.0,39909.5,97259.0,54517.5,48934.0,52521.0,67474.0,50406.5,0.4772,74825.0,35211.5,40270.5,30799.5,7216354.5,1520664.0,300154.0,440934.0,1522550.5,106782.5
2021,North Carolina,61972.0,69522.0,42961.0,39932.0,103348.0,67456.0,52545.0,57619.0,69704.0,53880.0,0.4801,77601.0,37218.0,42313.0,31909.0,7245632.0,1504263.0,298331.0,445998.0,1573681.0,111007.0
2022,North Carolina,67481.0,75197.0,50059.0,43675.0,108332.0,100303.0,53762.0,63861.0,75565.0,57348.0,0.4768,83448.0,40679.0,45506.0,35441.0,7372120.0,1536443.0,298449.0,479544.0,1678483.0,121542.0
2019,North Dakota,64577.0,68431.0,34101.0,36156.0,37393.0,,36815.0,57250.0,69025.0,51960.0,0.4558,87055.0,37398.0,45899.0,30808.0,504375.0,112015.0,22417.0,33313.0,108527.0,6384.0
2020,North Dakota,65548.0,68691.0,39562.0,39515.5,53881.5,,36747.5,57333.0,69014.5,51753.0,0.45445,88279.5,38418.0,45982.5,31110.5,505557.0,112596.0,21278.0,33969.5,110920.5,6626.5
2021,North Dakota,66519.0,68951.0,45023.0,42875.0,70370.0,250001.0,36680.0,57416.0,69004.0,51546.0,0.4531,89504.0,39438.0,46066.0,31413.0,506739.0,113177.0,20139.0,34626.0,113314.0,6869.0
2022,North Dakota,71970.0,76610.0,43882.0,38438.0,61776.0,250001.0,57893.0,61885.0,76600.0,68700.0,0.4678,97853.0,42807.0,51152.0,36162.0,514786.0,111180.0,20662.0,33740.0,115034.0,5939.0
2019,Ohio,58642.0,62550.0,34955.0,38510.0,85309.0,,42939.0,42267.0,63104.0,45076.0,0.4651,74911.0,34852.0,41358.0,28819.0,8049805.0,2314611.0,313147.0,546790.0,1464945.0,91368.0
2020,Ohio,60452.0,64715.5,36407.5,41573.0,84221.0,,45059.0,47489.0,65045.5,48615.0,0.4669,77835.5,36533.0,43132.5,30425.0,8083889.0,2328874.5,317384.0,552723.0,1500784.5,95687.5
2021,Ohio,62262.0,66881.0,37860.0,44636.0,83133.0,,47179.0,52711.0,66987.0,52154.0,0.4687,80760.0,38214.0,44907.0,32031.0,8117973.0,2343138.0,321621.0,558656.0,1536624.0,100007.0
2022,Ohio,65720.0,70749.0,42072.0,38367.0,90445.0,51435.0,56322.0,56864.0,70905.0,55580.0,0.4691,86001.0,41140.0,48427.0,34416.0,8130929.0,2293879.0,303841.0,574036.0,1578535.0,104386.0
2019,Oklahoma,54449.0,58300.0,36234.0,47878.0,54552.0,38462.0,38403.0,49738.0,59370.0,45956.0,0.4739,68358.0,32323.0,40259.0,26914.0,2619244.0,685190.0,140094.0,186398.0,447888.0,28683.0
2020,Oklahoma,55137.5,59123.0,37666.5,48952.5,61829.0,45447.0,44515.5,50373.5,59846.5,48473.0,0.46785,69162.5,33391.5,40392.0,27815.5,2629566.5,681475.5,136997.0,193604.0,465528.0,31027.0
2021,Oklahoma,55826.0,59946.0,39099.0,50027.0,69106.0,52432.0,50628.0,51009.0,60323.0,50990.0,0.4618,69967.0,34460.0,40525.0,28717.0,2639889.0,677761.0,133900.0,200810.0,483168.0,33371.0
2022,Oklahoma,59673.0,63444.0,41135.0,53261.0,65557.0,51616.0,52612.0,53626.0,63747.0,52856.0,0.4743,75476.0,36988.0,42328.0,31509.0,2661141.0,675343.0,138202.0,209763.0,495467.0,32026.0
2019,Oregon,67058.0,67845.0,47181.0,52652.0,82016.0,77302.0,57814.0,61002.0,68593.0,60597.0,0.45,82540.0,35643.0,41243.0,30688.0,2988118.0,561087.0,126156.0,234012.0,627911.0,57782.0
2020,Oregon,69310.0,70349.0,54054.0,58568.0,87936.5,66839.5,61217.0,62146.5,70835.0,61946.5,0.45555,85312.5,37853.0,43049.0,32562.5,3009376.5,546616.0,129301.0,241143.0,654108.5,57496.5
2021,Oregon,71562.0,72853.0,60927.0,64484.0,93857.0,56377.0,64620.0,63291.0,73077.0,63296.0,0.4611,88085.0,40063.0,44855.0,34437.0,3030635.0,532145.0,132446.0,248274.0,680306.0,57211.0
2022,Oregon,75657.0,76846.0,58438.0,57280.0,104214.0,69480.0,65148.0,68947.0,77227.0,65081.0,0.4679,93384.0,41996.0,48520.0,36275.0,3043930.0,549907.0,140341.0,243718.0,675825.0,55267.0
2019,Pennsylvania,63463.0,67702.0,39680.0,38565.0,80840.0,52996.0,35894.0,51647.0,68267.0,44260.0,0.4745,81075.0,37000.0,44105.0,30813.0,9028036.0,2758116.0,344930.0,495732.0,1761627.0,138286.0
2020,Pennsylvania,66210.0,70652.5,40939.5,48697.0,85074.0,46431.5,40709.0,56531.0,71002.5,48744.5,0.47324999999999995,84287.5,38991.5,46328.5,32664.0,9094990.5,2719607.5,355905.0,494218.0,1824674.5,147929.0
2021,Pennsylvania,68957.0,73603.0,42199.0,58829.0,89308.0,39867.0,45524.0,61415.0,73738.0,53229.0,0.472,87500.0,40983.0,48552.0,34515.0,9161945.0,2681099.0,366880.0,492704.0,1887722.0,157572.0
2022,Pennsylvania,71798.0,76765.0,46564.0,60459.0,98296.0,60566.0,50032.0,61450.0,76940.0,55478.0,0.4778,93029.0,43371.0,51284.0,36594.0,9151744.0,2669893.0,349749.0,509440.0,1899494.0,164782.0
2019,Rhode Island,71169.0,74544.0,46398.0,,95356.0,,42064.0,53327.0,76544.0,44939.0,0.4628,89373.0,39145.0,45787.0,34812.0,746952.0,178974.0,33308.0,42163.0,156087.0,12726.0
2020,Rhode Island,72588.5,77967.0,52139.5,,94582.5,,44714.5,53048.5,79451.0,46930.5,0.46540000000000004,93338.5,40518.0,46398.0,35533.5,760208.0,176900.5,36456.0,43576.5,158840.5,14316.5
2021,Rhode Island,74008.0,81390.0,57881.0,,93809.0,,47365.0,52770.0,82358.0,48922.0,0.468,97304.0,41891.0,47009.0,36255.0,773464.0,174827.0,39604.0,44990.0,161594.0,15907.0
2022,Rhode Island,81854.0,86507.0,80953.0,76603.0,97307.0,,53379.0,62970.0,86640.0,56119.0,0.464,105989.0,47266.0,53320.0,40839.0,778191.0,161723.0,30496.0,50748.0,185883.0,15933.0
2019,South Carolina,56227.0,65506.0,37327.0,37041.0,76738.0,83085.0,43849.0,55782.0,66035.0,48311.0,0.4747,70537.0,32373.0,39893.0,27579.0,3563204.0,859406.0,155854.0,218906.0,656496.0,38939.0
2020,South Carolina,57772.5,66403.0,38818.5,39828.0,77363.5,73414.66666666667,47746.0,55454.5,66682.0,51304.0,0.47535,72219.0,34180.0,40880.0,29255.0,3580801.0,861968.5,159146.5,219852.5,680618.0,41054.0
2021,South Carolina,59318.0,67300.0,40310.0,42615.0,77989.0,63744.33333333333,51643.0,55127.0,67329.0,54297.0,0.476,73901.0,35987.0,41867.0,30931.0,3598398.0,864531.0,162439.0,220799.0,704740.0,43169.0
2022,South Carolina,64115.0,73516.0,44187.0,52847.0,87807.0,54074.0,54421.0,61314.0,73731.0,58486.0,0.4757,79886.0,38153.0,44319.0,32319.0,3664922.0,852142.0,163600.0,245183.0,725469.0,54737.0
2019,South Dakota,59533.0,62128.0,52246.0,29515.0,50813.0,28953.0,50726.0,55685.0,62384.0,44895.0,0.436,76826.0,32908.0,40152.0,28766.0,588029.0,152869.0,23775.0,36972.0,121231.0,6594.0
2020,South Dakota,62838.0,65909.0,46116.0,28263.0,63753.0,61294.0,51033.5,54151.0,66043.0,50970.0,0.4441,79694.0,35028.5,41716.0,30446.5,589203.0,148689.0,26118.5,36231.5,124244.5,6803.5
2021,South Dakota,66143.0,69690.0,39986.0,27011.0,76693.0,93635.0,51341.0,52617.0,69702.0,57045.0,0.4522,82562.0,37149.0,43280.0,32127.0,590377.0,144509.0,28462.0,35491.0,127258.0,7013.0
2022,South Dakota,69728.0,72751.0,65453.0,31084.0,63398.0,93635.0,67224.0,54283.0,72908.0,54873.0,0.4487,89573.0,40978.0,46891.0,35540.0,605735.0,147097.0,30074.0,38483.0,131481.0,8078.0
2019,Tennessee,56071.0,60249.0,40768.0,42444.0,85209.0,58571.0,43062.0,50905.0,60678.0,46126.0,0.4749,69993.0,32604.0,39010.0,28699.0,4693962.0,1214437.0,266316.0,298703.0,845100.0,68410.0
2020,Tennessee,57883.0,61913.0,41590.5,45884.0,82566.0,63443.5,48376.5,53172.5,62189.5,50021.5,0.4785,72351.0,34633.5,40292.5,30159.0,4754247.5,1222062.0,269532.0,309582.5,884752.0,70045.5
2021,Tennessee,59695.0,63577.0,42413.0,49324.0,79923.0,68316.0,53691.0,55440.0,63701.0,53917.0,0.4821,74709.0,36663.0,41575.0,31619.0,4814533.0,1229687.0,272748.0,320462.0,924404.0,71681.0
2022,Tennessee,65254.0,69826.0,49531.0,55846.0,94814.0,51300.0,54475.0,57741.0,69743.0,58385.0,0.4694,80910.0,40190.0,45868.0,33514.0,4868110.0,1259999.0,263488.0,331376.0,958365.0,71956.0
2019,Texas,64034.0,67904.0,47428.0,57175.0,91706.0,56932.0,48058.0,60222.0,78905.0,52010.0,0.4753,76727.0,35329.0,41239.0,29029.0,18772550.0,3924228.0,810194.0,1149880.0,3750797.0,222187.0
2020,Texas,65498.5,72767.5,48597.5,59535.5,96061.5,60257.0,49670.5,58902.5,80144.5,53433.5,0.47685,78515.5,36694.0,42702.0,30359.5,18998619.0,3908640.0,820309.0,1204002.0,3914309.0,243836.5
2021,Texas,66963.0,77631.0,49767.0,61896.0,100417.0,63582.0,51283.0,57583.0,81384.0,54857.0,0.4784,80304.0,38059.0,44165.0,31690.0,19224688.0,3893052.0,830424.0,1258124.0,4077821.0,265486.0
2022,Texas,72284.0,82032.0,55759.0,65765.0,107673.0,63735.0,57114.0,62748.0,86229.0,60504.0,0.4796,86267.0,41277.0,48299.0,34035.0,19597383.0,3852041.0,881189.0,1297863.0,4242031.0,264060.0
2019,Utah,75780.0,77772.0,38021.0,50787.0,76492.0,73424.0,58713.0,62654.0,79843.0,61506.0,0.4268,86152.0,33396.0,44749.0,25596.0,1911592.0,384357.0,57849.0,143885.0,448109.0,27402.0
2020,Utah,77614.5,80039.0,46601.5,52027.5,79788.0,67337.0,61854.5,67419.0,81387.5,64641.5,0.43585,89172.0,35360.5,45919.0,26966.5,1961159.5,383738.0,59870.0,153886.5,466495.5,28186.5
2021,Utah,79449.0,82306.0,55182.0,53268.0,83084.0,61250.0,64996.0,72184.0,82932.0,67777.0,0.4449,92192.0,37325.0,47089.0,28337.0,2010727.0,383119.0,61891.0,163888.0,484882.0,28971.0
2022,Utah,89168.0,92391.0,65096.0,62277.0,91549.0,81435.0,69278.0,78966.0,93223.0,73413.0,0.4264,102177.0,40959.0,51699.0,31050.0,2042912.0,390984.0,58474.0,154959.0,505215.0,36185.0
2019,Vermont,63001.0,63425.0,37355.0,65060.0,69175.0,43947.0,148481.0,49217.0,63672.0,37394.0,0.4471,83458.0,35474.0,40185.0,31360.0,445558.0,115058.0,14196.0,22935.0,101015.0,7322.0
2020,Vermont,67716.0,68029.5,51107.0,52210.5,69287.5,43947.0,97908.5,63202.0,68237.5,60517.5,0.44989999999999997,87007.0,37861.5,41021.0,34343.0,454131.5,112424.0,12782.5,23408.5,110694.0,8911.0
2021,Vermont,72431.0,72634.0,64859.0,39361.0,69400.0,43947.0,47336.0,77187.0,72803.0,83641.0,0.4527,90556.0,40249.0,41857.0,37326.0,462705.0,109790.0,11369.0,23882.0,120373.0,10500.0
2022,Vermont,73991.0,73591.0,78611.0,74426.0,70809.0,43947.0,68766.0,81819.0,73560.0,90490.0,0.4452,96345.0,42147.0,46185.0,39356.0,467643.0,106758.0,15024.0,22627.0,114633.0,11346.0
2019,Virginia,76456.0,82107.0,53896.0,70849.0,109876.0,80324.0,61587.0,71821.0,82612.0,69220.0,0.469,93497.0,40405.0,46552.0,33628.0,5872757.0,1156419.0,231191.0,354535.0,1312800.0,115370.0
2020,Virginia,78709.5,84413.0,54620.5,72189.0,115206.0,79623.0,66578.5,77485.5,84721.0,74532.5,0.4707,97130.0,42184.0,48893.0,35264.5,5907714.5,1174838.5,229266.0,355529.5,1353837.5,116305.5
2021,Virginia,80963.0,86719.0,55345.0,73529.0,120536.0,78922.0,71570.0,83150.0,86830.0,79845.0,0.4724,100763.0,43963.0,51234.0,36901.0,5942672.0,1193258.0,227341.0,356524.0,1394875.0,117241.0
2022,Virginia,85873.0,91924.0,60526.0,81872.0,126277.0,114660.0,74720.0,90841.0,92063.0,84525.0,0.4755,107101.0,48178.0,55333.0,40560.0,5978782.0,1203973.0,227651.0,360707.0,1409942.0,128015.0
2019,Washington,78687.0,79556.0,56250.0,51307.0,109146.0,78130.0,56605.0,71873.0,80952.0,59350.0,0.4577,94709.0,41735.0,50447.0,34172.0,5290324.0,955541.0,211806.0,395512.0,1204728.0,89712.0
2020,Washington,81467.0,82627.0,59303.0,57675.5,116264.0,81310.0,59282.0,74199.0,83528.5,62299.0,0.46404999999999996,98443.5,44343.0,53188.5,36307.5,5345736.5,955652.5,212359.0,393840.0,1246096.5,93198.0
2021,Washington,84247.0,85698.0,62356.0,64044.0,123382.0,84490.0,61959.0,76525.0,86105.0,65248.0,0.4704,102178.0,46951.0,55930.0,38443.0,5401149.0,955764.0,212912.0,392168.0,1287465.0,96684.0
2022,Washington,91306.0,91916.0,68202.0,71255.0,125692.0,81623.0,69545.0,84303.0,92277.0,74770.0,0.4742,109192.0,51640.0,60621.0,42221.0,5470209.0,963272.0,213152.0,398743.0,1302707.0,102857.0
2019,West Virginia,48850.0,49295.0,32029.0,,72301.0,,53795.0,32191.0,49272.0,55307.0,0.4644,60920.0,30970.0,37783.0,25714.0,1281086.0,431856.0,83575.0,76158.0,161686.0,11809.0
2020,West Virginia,50049.0,50661.5,36092.0,,64753.5,,49402.5,36997.5,50652.0,50112.0,0.47509999999999997,63794.5,32354.5,39289.5,26632.5,1273262.5,424918.0,80453.0,76103.5,170531.0,12616.0
2021,West Virginia,51248.0,52028.0,40155.0,,57206.0,,45010.0,41804.0,52032.0,44917.0,0.4858,66669.0,33739.0,40796.0,27551.0,1265439.0,417980.0,77331.0,76049.0,179376.0,13423.0
2022,West Virginia,54329.0,55407.0,32322.0,32252.0,71811.0,,50670.0,44435.0,55460.0,62416.0,0.4804,70318.0,37256.0,44476.0,31364.0,1262566.0,400450.0,83716.0,81446.0,188793.0,14957.0
2019,Wisconsin,64168.0,67006.0,35178.0,42138.0,75845.0,92160.0,42870.0,51812.0,67548.0,47217.0,0.4391,81829.0,37044.0,43188.0,31240.0,4015285.0,1081686.0,141706.0,262972.0,829878.0,49287.0
2020,Wisconsin,65646.5,68663.0,35778.5,50125.0,78611.5,92160.0,47419.5,54691.5,68950.5,50201.5,0.44275,83819.5,38861.0,45202.5,32448.5,4045812.0,1079454.0,143420.0,268248.5,853172.5,52523.0
2021,Wisconsin,67125.0,70320.0,36379.0,58112.0,81378.0,92160.0,51969.0,57571.0,70353.0,53186.0,0.4464,85810.0,40678.0,47217.0,33657.0,4076339.0,1077222.0,145134.0,273525.0,876467.0,55759.0
2022,Wisconsin,70996.0,74405.0,38730.0,54790.0,90784.0,92160.0,60130.0,60490.0,74459.0,60422.0,0.451,91700.0,42873.0,50488.0,36604.0,4088500.0,1066855.0,142280.0,270280.0,885548.0,56389.0
2019,Wyoming,65003.0,66807.0,22322.0,54280.0,48368.0,33816.0,77995.0,30526.0,67708.0,60988.0,0.4345,79946.0,34780.0,46506.0,26594.0,389847.0,95667.0,21834.0,31190.0,73183.0,4885.0
2020,Wyoming,65103.5,66965.5,33849.0,60078.0,60507.666666666664,33832.333333333336,70164.0,43629.0,67899.5,54384.0,0.44915,81867.5,35196.5,45944.5,27138.5,392597.5,91303.5,21354.0,33097.5,73219.0,4802.0
2021,Wyoming,65204.0,67124.0,45376.0,65876.0,72647.33333333333,33848.666666666664,62333.0,56732.0,68091.0,47780.0,0.4638,83789.0,35613.0,45383.0,27683.0,395348.0,86940.0,20874.0,35005.0,73255.0,4719.0
2022,Wyoming,70042.0,70353.0,45376.0,39692.0,84787.0,33865.0,66556.0,73866.0,70106.0,73267.0,0.4437,86552.0,39954.0,49839.0,32207.0,399796.0,85963.0,23129.0,31521.0,71812.0,6288.0